,baseMean,log2FoldChange,lfcSE,stat,pvalue,padj
TSS_00070,433.464289234117,3.50885788122274,0.63207265428156,5.55135213879969,2.83468421818296e-08,2.46617526981917e-06
TSS_00946,75.3852100641673,-2.74010571555926,0.666118005110061,-4.11354398851075,3.89630753338126e-05,0.00169489377702085
TSS_09448,871.32982004051,-2.06458104683081,0.63375127169303,-3.25771503592475,0.00112313128293781,0.0244281054038973
TSS_10304,542.74373922292,7.06159526086257,0.701981505676188,10.059517528258,8.34060879955162e-24,1.45126593112198e-21
TSS_11488,68.8829186356633,-2.55659175507278,0.737340778878361,-3.46731366053272,0.000525688078971403,0.0150727013058829
TSS_12448,80.4608759259476,-2.46932098831003,0.693620540156974,-3.56004594061069,0.000370789920858083,0.0129034892458613
TSS_13615,60.6453886842994,3.69655167816322,0.764498654619953,4.83526250285011,1.3297004568456e-06,7.71226264970447e-05
